{
  "paschen": {"A": 15.0, "B": 365.0, "gamma": 0.01, "pd": [0.01, 0.1, 1.0, 10.0, 50.0],
    "V": [15052.454522374322, 3781.301355593953, 1034.5092306455714, 356.7916174705582, 232.91578787125236]},
  "streamer": {"A": 15.0, "B": 365.0, "Ncrit": 20.0, "pd": [0.05, 0.2, 1.0, 5.0, 20.0],
    "V": [null, 1181.4285714285713, 1177.0599358104387, 1233.9125574022543, 1403.2948259817962]},
  "tolerances": {"abs_V": 1e-6, "rel_V": 1e-6}
}